{"properties": [
  {
    "name": "jwt.secret",
    "type": "java.lang.String",
    "description": "A description for 'jwt.secret'"
  },
  {
    "name": "jwt.expirationMs",
    "type": "java.lang.String",
    "description": "A description for 'jwt.expirationMs'"
  },
  {
    "name": "jwt.expirationMs",
    "type": "java.lang.String",
    "description": "A description for 'jwt.expirationMs'"
  },
  {
    "name": "jwt.expirationMs",
    "type": "java.lang.String",
    "description": "A description for 'jwt.expirationMs'"
  }
]}